{"cameraMode":{"drawMode":0,"name":"Shaded","section":"Shading Mode"},"sceneLighting":true,"audioPlay":false,"sceneViewState":{"m_AlwaysRefresh":false,"showFog":true,"showSkybox":true,"showFlares":true,"showImageEffects":true,"showParticleSystems":true,"showVisualEffectGraphs":true,"m_FxEnabled":true},"in2DMode":false,"pivot":{"x":-7.474405288696289,"y":0.17590473592281342,"z":-11.354637145996094},"rotation":{"x":-0.009793546050786972,"y":0.9868769645690918,"z":-0.06553422659635544,"w":-0.14733432233333589},"size":10.87729263305664,"orthographic":false}